steps,time,reward,delta,converged
1,0.0015169999999997685,255.0,125.25,False
2,0.0015479999999996608,255.0,0,True
